,Names,Situacoes
0,ADVANCED DIGITAL HEALTH MEDICINA PREVENTIVA S.A.,Concedido em 24/06/2009
1,AEGEA SANEAMENTO E PARTICIPAÇÕES S.A.,Concedido em 21/05/2014
2,AERIS IND. E COM. DE EQUIP. PARA GER. DE ENG. S.A.,Concedido em 09/11/2020
3,AES TIETÊ ENERGIA S.A,Concedido em 29/06/2001
4,AFLUENTE TRANSMISSÃO DE ENERGIA ELETRICA S/A,Concedido em 24/09/2010
5,AGRO INDÚSTRIAS DO VALE SÃO FRANCISCO S/A,Concedido em 21/10/1994
6,AGROINDUSTRIAL DE CEREAIS VERDES CAMPOS S.A.,Concedido em 18/12/2013
7,AGROINDUSTRIAL VERA CRUZ S/A,Concedido em 04/10/1990
8,AGROPECUÁRIA PINGUIM S.A.,Concedido em 22/08/2012
9,AGUAS GUARIROBA S.A.,Concedido em 06/08/2014
10,ALEF SA,Concedido em 08/12/1997
11,ALFA HOLDINGS SA,Concedido em 20/07/1977
12,ALGAR TELECOM S/A,Concedido em 27/07/2007
13,ALIANSCE SONAE SHOPPING CENTERS S.A.,Concedido em 01/02/2011
14,ALLIED TECNOLOGIA S.A.,Concedido em 25/11/2020
15,"ALLPARK EMPREENDIMENTOS, PARTICIPAÇÕES E SERVIÇOS S.A.",Concedido em 13/05/2020
16,ALPARGATAS SA,Concedido em 20/07/1977
17,ALPER CONSULTORIA E CORRETORA DE SEGUROS S.A.,Concedido em 28/10/2010
18,ALPHAVILLE S.A.,Concedido em 05/11/2020
19,ALTERE SECURITIZADORA S.A.,Concedido em 10/12/1998
20,ALUMAZON COMPONENTES DA AM S A,Concedido em 02/12/2019
21,ALUPAR INVESTIMENTO S/A,Concedido em 18/06/2008
22,AMBEV S.A.,Concedido em 30/10/2013
23,AMBIPAR PARTICIPAÇÕES E EMPREENDIMENTOS S.A.,Concedido em 15/05/2020
24,AMPLA ENERGIA E SERVIÇOS S.A.,Concedido em 15/08/1969
25,ANIMA HOLDING S/A,Concedido em 24/10/2013
26,AREZZO INDÚSTRIA E COMERCIO S/A,Concedido em 31/01/2011
27,ARGO ENERGIA EMPREENDIMENTOS E PARTICIPAÇÕES S.A.,Concedido em 24/04/2017
28,ARGO TRANSMISSÃO DE ENERGIA S.A.,Concedido em 22/09/2017
29,ARTERIS S.A.,Concedido em 06/07/2005
30,ATACADÃO S.A.,Concedido em 18/07/2017
31,ATMA  PARTICIPAÇÕES  S.A.,Concedido em 29/10/2001
32,ATOM EMPREENDIMENTOS E PARTICIPAÇÕES S.A.,Concedido em 28/02/1996
33,AURA MINERALS INC,Concedido em 15/06/2020
34,AUTOPISTA FERNÃO DIAS SA,Concedido em 29/03/2010
35,AUTOPISTA FLUMINENSE SA,Concedido em 29/03/2010
36,AUTOPISTA LITORAL SUL,Concedido em 29/03/2010
37,AUTOPISTA PLANALTO SUL SA,Concedido em 29/03/2010
38,AUTOPISTA REGIS BITTENCOURT SA,Concedido em 29/03/2010
39,AZEVEDO & TRAVASSOS SA,Concedido em 20/08/1984
40,AZUL S.A.,Concedido em 07/04/2017
41,B2W - COMPANHIA DIGITAL,Concedido em 26/07/2007
42,"B3 S.A. - BRASIL, BOLSA, BALCÃO",Concedido em 11/08/2008
43,BAHEMA EDUCACAO S.A.,Concedido em 02/01/1974
44,BANCO ABC BRASIL S/A,Concedido em 23/07/2007
45,BANCO ALFA DE INVESTIMENTO S.A.,Concedido em 20/07/1977
46,BANCO BMG S/A,Concedido em 17/12/2018
47,BANCO BRADESCO S.A.,Concedido em 20/07/1977
48,BANCO BTG PACTUAL S/A,Concedido em 10/11/2011
49,BANCO DA AMAZÔNIA S.A.,Concedido em 20/07/1977
50,BANCO DAYCOVAL S.A.,Concedido em 27/06/2007
51,BANCO DO BRASIL S.A.,Concedido em 20/07/1977
52,BANCO DO ESTADO DE SERGIPE SA,Concedido em 20/07/1977
53,BANCO DO ESTADO DO PARÁ S/A.,Concedido em 20/07/1977
54,BANCO DO ESTADO DO RIO GRANDE DO SUL SA,Concedido em 20/07/1977
55,BANCO DO NORDESTE DO BRASIL SA,Concedido em 20/07/1977
56,BANCO ECONOMICO SA - EM LIQUIDAÇÃO EXTRAJUDICIAL,Concedido em 20/07/1977
57,BANCO INDUSVAL S.A.,Concedido em 10/07/2007
58,BANCO INTER S.A.,Concedido em 26/04/2018
59,BANCO MERCANTIL BRASIL SA,Concedido em 20/07/1977
60,BANCO MERCANTIL DE INVESTIMENTOS S.A.,Concedido em 20/07/1977
61,BANCO NACIONAL S.A. - EM LIQUIDAÇÃO EXTRAJUDICIAL,Concedido em 20/07/1977
62,BANCO PAN SA,Concedido em 12/11/2007
63,BANCO PINE S/A,Concedido em 27/03/2007
64,BANCO RCI BRASIL S.A.,Concedido em 29/04/2008
65,BANCO SANTANDER (BRASIL) S.A.,Concedido em 02/03/2007
66,BANESTES SA BANCO DO ESTADO DO ESPIRITO SANTO,Concedido em 20/07/1977
67,BANRISUL ARMAZENS GERAIS SA,Concedido em 18/10/1996
68,BANRISUL CARTÕES S.A.,Concedido em 27/09/2018
69,BARDELLA S.A. INDS MECANICAS - EM RECUPERAÇÃO JUDICIAL,Concedido em 26/11/1969
70,BARIGUI SECURITIZADORA SA,Concedido em 29/12/2009
71,BASE SECURITIZADORA DE CRÉDITOS IMOBILIÁRIOS S.A.,Concedido em 21/05/2020
72,BATTISTELLA ADM E PARTICIPAÇÕES S A,Concedido em 14/03/1996
73,BAUMER SA,Concedido em 20/05/1970
74,BB SEGURIDADE PARTICIPAÇÕES S.A.,Concedido em 25/04/2013
75,BBM LOGÍSTICA S.A.,Concedido em 27/02/2019
76,BCBF PARTICIPAÇÕES S.A.,Concedido em 16/09/2019
77,BELAP AGROPEC SA,Concedido em 28/03/1990
78,BETAPART PARTICIPAÇÕES SA,Concedido em 06/11/1998
79,BICICLETAS MONARK SA,Concedido em 01/12/1971
80,BIOMM SA,Concedido em 19/08/2002
81,BIOSEV S.A.,Concedido em 12/07/2012
82,BK BRASIL OPERAÇÃO E ASSESSORIA A RESTAURANTES S.A.,Concedido em 14/12/2017
83,BLAU FARMACÊUTICA S.A.,Concedido em 11/01/2019
84,BNDES PARTICIPAÇÕES S.A. - BNDESPAR,Concedido em 13/01/1998
85,BOA VISTA SERVIÇOS S.A.,Concedido em 28/09/2020
86,BOMBRIL SA,Concedido em 26/09/1984
87,BONAIRE PARTICIPAÇÕES S.A.- EM LIQUIDAÇÃO,Concedido em 03/11/1997
88,BR MALLS PARTICIPAÇOES S.A.,Concedido em 04/01/2006
89,BR PROPERTIES S.A.,Concedido em 04/01/2006
90,BRADESCO LEASING S.A. - ARRENDAMENTO MERCANTIL,Concedido em 24/11/2004
91,BRADESPAR S/A,Concedido em 07/08/2000
92,BRASIL BROKERS PARTICIPAÇÕES SA,Concedido em 26/10/2007
93,BRASIL SECURITIZADORA S.A.,Concedido em 12/12/2017
94,BRASILAGRO CIA BRAS DE PROP AGRICOLAS,Concedido em 25/04/2006
95,BRASILIANA PARTICIPAÇÕES S.A.,Concedido em 23/06/2016
96,BRASKEM S.A.,Concedido em 18/12/1978
97,BRAZIL REALTY CIA SECURITIZADORA DE CREDITOS IMOLIARIOS,Concedido em 02/05/2005
98,BRAZILIAN FINANCE & REAL ESTATE S.A.,Concedido em 10/11/1998
99,BRAZILIAN SECURITIES CIA SECURITIZAÇÃO,Concedido em 04/09/2000
100,BRB-BANCO DE BRASILIA SA,Concedido em 24/09/1993
101,BRF S.A.,Concedido em 24/06/1997
102,BRK AMBIENTAL PARTICIPAÇÕES S.A.,Concedido em 22/10/2019
103,BRPR 56 SECURITZADORA CRED IMOB SA,Concedido em 22/02/2006
104,BRQ SOLUÇÕES EM INFORMÁTICA S.A.,Concedido em 11/01/2016
105,BSI CAPITAL SECURITIZADORA S.A.,Concedido em 17/04/2013
106,BTGI QUARTZO PARTICIPAÇÕES S.A.,Concedido em 19/02/2016
107,BTGI SAFIRA PARTICIPAÇÕES S.A.,Concedido em 19/02/2016
108,C&A MODAS S.A.,Concedido em 24/10/2019
109,CABINDA PARTICIPAÇÕES SA,Concedido em 29/10/2001
110,CACHOEIRA PAULISTA TRANSMISSORA DE ENERGIA SA,Concedido em 19/12/2011
111,CACONDE PARTICIPAÇÕES SA,Concedido em 29/10/2001
112,CAIANDA PARTICIPAÇÕES SA,Concedido em 29/10/2001
113,CAIXA ADM DIV PUB ESTADUAL SA,Concedido em 04/09/1996
114,CAIXA SEGURIDADE PARTICIPAÇÕES S.A.,Concedido em 17/12/2015
115,CAMBUCI SA,Concedido em 05/01/1985
116,CAMIL ALIMENTOS S/A,Concedido em 26/09/2017
117,CAPITALE SECURITIZADORA DE CREDITO S.A.,Concedido em 07/03/2014
118,CAPITALPART PARTICIPAÇÕES SA,Concedido em 09/07/1998
119,CARBOMIL SA MINER. E INDUSTRIA,Concedido em 27/07/1993
120,CASA DE PEDRA SECURITIZADORA DE CRÉDITO S.A.,Concedido em 13/02/2019
121,CCB BRASIL ARRENDAMENTO MERCANTIL S/A,Concedido em 16/11/1995
122,CCR S.A.,Concedido em 19/12/2000
123,CCX CARVÃO DA COLOMBIA S.A. - EM LIQUIDAÇÃO,Concedido em 19/07/2006
124,CEL PARTICIPAÇÕES S.A. - CELPAR,Concedido em 01/12/1997
125,CELEO REDES TRANSMISSÃO DE ENERGIA S.A.,Concedido em 12/12/2018
126,CEMEPE INVESTIMENTOS SA,Concedido em 28/06/1991
127,CEMIG DISTRIBUIÇÃO S/A,Concedido em 25/09/2006
128,CEMIG GERAÇÃO E TRANSMISSÃO S/A,Concedido em 10/10/2006
129,CENTENOR EMPREEND SA,Concedido em 12/01/2015
130,CENTRAIS ELETRICAS BRASILEIRAS SA,Concedido em 28/01/1971
131,CENTRAIS ELETRICAS DE SANTA CATARINA S.A,Concedido em 26/03/1973
132,CENTRO DE IMAGEM DIAGNÓSTICOS S.A.,Concedido em 26/10/2016
133,CESP - COMPANHIA ENERGÉTICA DE SÃO PAULO,Concedido em 27/09/1971
134,CIA CAT. DE ÁGUAS E SANEAMENTO - CASAN,Concedido em 06/02/1998
135,CIA DE ELETRICIDADE DO ESTADO DA BAHIA - COELBA,Concedido em 28/07/1994
136,CIA DE PARTICIPAÇÕES ALIANÇA DA BAHIA,Concedido em 26/07/2000
137,CIA ENERG CEARA - COELCE,Concedido em 13/06/1995
138,CIA ENERG MINAS GERAIS - CEMIG,Concedido em 30/06/1971
139,CIA ENERGÉTICA DE PERNAMBUCO - CELPE,Concedido em 29/04/1994
140,CIA ENERGÉTICA DO RIO GRANDE DO NORTE,Concedido em 04/01/1999
141,CIA ESTADUAL DE ÁGUAS E ESGOTOS - CEDAE,Concedido em 28/07/1997
142,CIA ESTADUAL DE DISTRIBUIÇÃO DE ENERGIA ELETRICA,Concedido em 17/04/2007
143,CIA ESTADUAL DE GERACAO E TRANSMISSAO DE ENERGIA ELETRICA,Concedido em 07/01/1970
144,CIA FERRO LIGAS BAHIA FERBASA,Concedido em 28/02/1961
145,CIA HERING,Concedido em 26/01/1995
146,CIA HIDRO ELÉTRICA DO SÃO FRANCISCO,Concedido em 19/12/1969
147,CIA INDUSTRIAL SCHLOSSER S.A.,Concedido em 28/06/1985
148,CIA PIRATININGA DE FORÇA E LUZ,Concedido em 18/04/2002
149,CIA PROVINCIA DE SECURITIZAÇÃO,Concedido em 21/08/2003
150,CIA RIOGRANDENSE DE SANEAMENTO,Concedido em 19/12/1997
151,CIA SANEAMENTO BÁSICO ESTADO SÃO PAULO,Concedido em 27/06/1994
152,CIA SEGUROS ALIANCA BAHIA,Concedido em 20/07/1977
153,CIA SIDERURGICA NACIONAL,Concedido em 26/02/1943
154,CIA TECIDOS NORTE DE MINAS - COTEMINAS,Concedido em 11/02/1971
155,CIA TECIDOS SANTANENSE,Concedido em 20/12/1984
156,CIA. DE SANEAMENTO DO PARANÁ - SANEPAR,Concedido em 10/03/2000
157,CIA. DISTRIB. DE GÁS DO RIO DE JANEIRO,Concedido em 17/11/1997
158,CIA. SECURITIZADORA DE CRÉDITOS FINANCEIROS VERT-RECARGAPAY,Concedido em 26/10/2020
159,CIBRASEC CIA BRASILEIRA DE SECURITIZAÇÃO,Concedido em 31/05/1999
160,CIELO S.A.,Concedido em 25/06/2009
161,CIMS SA,Concedido em 14/03/1995
162,CINESYSTEM S.A.,Concedido em 20/07/2016
163,CLARO TELECOM PARTICIPAÇÕES S.A.,Concedido em 05/12/2014
164,COBRASMA SA,Concedido em 12/12/1979
165,COBUCCIO SECURITIZADORA DE CRÉDITOS S.A.,Concedido em 23/05/2019
166,COGNA EDUCAÇÃO S.A.,Concedido em 01/12/1998
167,COMPANHIA  MELHORAMENTOS DE SÃO PAULO,Concedido em 20/07/1977
168,COMPANHIA AGROPASTORIL DO RIO TIRAXIMIM,Concedido em 14/09/2012
169,COMPANHIA AGROPECUARIA DO ARAME,Concedido em 24/10/1989
170,COMPANHIA BRASILEIRA DE DISTRIBUIÇÃO,Concedido em 04/04/1995
171,COMPANHIA CELG DE PARTICIPAÇÕES,Concedido em 14/03/2008
172,COMPANHIA DE ÁGUA E ESGOTO DO CEARÁ,Concedido em 19/01/2000
173,COMPANHIA DE FIACAO E TECIDOS CEDRO E CACHOEIRA,Concedido em 11/08/1969
174,COMPANHIA DE FIAÇÃO E TECIDOS SANTO ANTONIO,Concedido em 28/08/1992
175,COMPANHIA DE GÁS DE MINAS GERAIS - GASMIG,Concedido em 06/10/2020
176,COMPANHIA DE GÁS DE SÃO PAULO - COMGÁS,Concedido em 03/07/1996
177,COMPANHIA DE LOCAÇÃO DAS AMERICAS,Concedido em 30/12/2011
178,COMPANHIA DE SANEAMENTO DE MINAS GERAIS,Concedido em 17/09/2003
179,COMPANHIA DE SANEAMENTO DO TOCANTINS - SANEATINS,Concedido em 21/12/2015
180,COMPANHIA ENERGÉTICA DE BRASÍLIA - CEB,Concedido em 04/07/1994
181,COMPANHIA ENERGÉTICA JAGUARA,Concedido em 27/04/2018
182,COMPANHIA ENERGÉTICA MIRANDA,Concedido em 27/04/2018
183,COMPANHIA ENERGÉTICA SINOP S.A.,Concedido em 22/06/2017
184,COMPANHIA INDUSTRIAL CATAGUASES,Concedido em 19/12/1973
185,COMPANHIA ITAUNENSE ENERGIA E PARTICIPAÇÕES,Concedido em 02/04/1969
186,COMPANHIA MINEIRA DE AÇUCAR E ALCOOL PARTICIPAÇÕES,Concedido em 04/03/2009
187,COMPANHIA PARANAENSE DE ENERGIA,Concedido em 04/04/1994
188,COMPANHIA PAULISTA DE FORCA LUZ - CPFL,Concedido em 19/08/1969
189,COMPANHIA PAULISTA DE SECURITIZAÇÃO,Concedido em 20/07/2010
190,COMPANHIA PETROQUIMICA DO NORDESTE,Concedido em 21/08/1989
191,COMPANHIA SEC. DE CRÉDITOS FIN. CARTÕES CONSIGNADOS BMG,Concedido em 14/06/2017
192,COMPANHIA SECURITIZADORA DE CRÉD. FINANCEIROS VERT-FINTECH,Concedido em 28/08/2018
193,COMPANHIA SECURITIZADORA DE CRÉD. FINANCEIROS VERT-NEXOOS,Concedido em 28/08/2018
194,COMPANHIA SECURITIZADORA DE CREDITOS FINANCEIROS VERT-GYRA,Concedido em 30/07/2020
195,COMPANHIA SECURITIZADORA DE CRÉDITOS FINANCEIROS VERT-PROVI,Concedido em 05/11/2020
196,COMPANHIIA HABITASUL DE PARTICIPAÇÕES,Concedido em 19/04/1982
197,COMPASS GÁS E ENERGIA S.A.,Concedido em 28/09/2020
198,COMPESCA CIA BRAS DE PESCA - EM LIQUIDAÇÃO,Concedido em 20/07/1977
199,CONC RODOVIAS DO TIETÊ S.A.- EM RECUPERAÇÃO JUDICIAL,Concedido em 09/02/2012
200,CONC. DO AEROPORTO INTERNACIONAL DE GUARULHOS S.A.,Concedido em 24/10/2014
201,CONCEBRA - CONCESSIONARIA DAS RODOVIAS CENTRAIS DO BRASIL S.A.,Concedido em 19/02/2016
202,CONCESSÃO METROVIÁRIA DO RIO DE JANEIRO SA,Concedido em 20/09/2010
203,CONCESSIONARIA AUTO RAPOSO TAVARES SA-CART,Concedido em 22/11/2010
204,CONCESSIONÁRIA BR-040 S.A.,Concedido em 18/03/2016
205,CONCESSIONÁRIA DA RODOVIA MG-050 S.A.,Concedido em 06/03/2017
206,CONCESSIONÁRIA DAS RODOVIAS AYRTON SENNA E CARVALHO PINTO S/A-ECOPISTAS,Concedido em 22/02/2011
207,CONCESSIONÁRIA DAS RODOVIAS INTEGRADAS DO SUL S.A.,Concedido em 04/12/2020
208,CONCESSIONÁRIA DE RODOVIA SUL-MATOGROSSENSE S.A.,Concedido em 03/02/2016
209,CONCESSIONARIA DE RODOVIAS DO INTERIOR PAULISTA S/A,Concedido em 27/11/2009
210,CONCESSIONARIA DE RODOVIAS DO OESTE DE SP-VIA OESTE SA,Concedido em 27/07/2007
211,CONCESSIONÁRIA DO SISTEMA ANHANGUERA-BANDEIRANTES S.A.,Concedido em 19/07/2006
212,CONCESSIONARIA ECOVIAS DOS IMIGRANTES SA,Concedido em 18/12/2006
213,CONCESSIONARIA PONTE RIO-NITERÓI S.A. - ECOPONTE,Concedido em 25/05/2017
214,CONCESSIONARIA RIO-TERESOPOLIS SA,Concedido em 26/12/2001
215,CONCESSIONÁRIA ROTA DAS BANDEIRAS S/A,Concedido em 30/06/2010
216,CONCESSIONÁRIA ROTA DO OESTE S.A.,Concedido em 07/06/2016
217,CONPEL CIA. NORDESTINA DE PAPEL - EM RECUPERAÇÃO JUDICIAL,Concedido em 20/07/1977
218,CONSERVAS ODERICH SA,Concedido em 20/07/1977
219,CONSIG 6 | COMPANHIA SECURITIZADORA DE CRÉDITOS FINANCEIROS,Concedido em 12/08/2020
220,CONSIGNADOS I COMPANHIA SECURITIZADORA DE CRÉDITOS FINANCEIROS,Concedido em 21/01/2020
221,CONSORCIO ALFA DE ADMINISTRAÇÃO SA,Concedido em 20/07/1977
222,CONST ADOLPHO LINDENBERG SA,Concedido em 20/07/1977
223,CONST SULTEPA SA - EM RECUPERAÇÃO JUDICIAL,Concedido em 29/09/1986
224,CONSTRUTORA TENDA S/A,Concedido em 11/10/2007
225,COPEL GERAÇÃO E TRANSMISSÃO S/A,Concedido em 27/06/2019
226,CORREA RIBEIRO SA COM IND,Concedido em 20/07/1977
227,COSAN LOGÍSTICA S.A.,Concedido em 11/09/2014
228,COSAN S.A.,Concedido em 26/10/2005
229,COTECE SA,Concedido em 10/10/1989
230,CPFL ENERGIA SA,Concedido em 18/05/2000
231,CPFL ENERGIAS RENOVÁVEIS S.A.,Concedido em 08/03/2007
232,CPFL GERAÇÃO DE ENERGIA S/A,Concedido em 07/06/2001
233,CR2 EMPREENDIMENTOS IMOBILIÁRIOS S/A,Concedido em 16/04/2007
234,CSA-COMPANHIA SECURITIZADORA DE ATIVOS,Concedido em 16/12/2003
235,CSU CARDSYSTEM S/A,Concedido em 25/04/2006
236,CTC - CENTRO DE TECNOLOGIA CANAVIEIRA S.A.,Concedido em 24/08/2016
237,CTEEP-CIA TRANSM ENERGIA ELÉTR. PAULISTA,Concedido em 14/07/1999
238,CURTUME JANGADAS S/A,Concedido em 01/08/2018
239,CURY CONSTRUTORA E INCORPORADORA S.A.,Concedido em 17/09/2020
240,CVC BRASIL OPERADORA E AGÊNCIA DE VIAGENS SA,Concedido em 05/12/2013
241,CYRELA BRAZIL REALTY SA EMPRS E PARTS,Concedido em 07/07/1994
242,CYRELA COMMERCIAL PROPERTIES SA EMP  PART,Concedido em 01/08/2007
243,D1000 VAREJO FARMA PARTICIPAÇÕES S.A.,Concedido em 06/08/2020
244,DETEN QUIMICA SA,Concedido em 26/09/1989
245,DIAGNOSTICOS DA AMERICA SA,Concedido em 05/11/2004
246,DIBENS LEASING S.A.- ARREND. MERCANTIL,Concedido em 28/09/1993
247,DIMED SA DISTRIBUIDORA DE MEDICAMENTOS,Concedido em 20/07/1977
248,DINAMICA ENERGIA S/A,Concedido em 03/05/2006
249,DIRECIONAL ENGENHARIA SA,Concedido em 29/02/2008
250,DOHLER S.A.,Concedido em 26/12/1973
251,DOMMO ENERGIA S.A.,Concedido em 17/09/2014
252,DTCOM - DIRECT TO COMPANY S.A.,Concedido em 04/02/2000
253,DURATEX S.A.,Concedido em 10/09/2007
254,ECO. SEC. DTOS. CREDIT. AGRONEGÓCIOS S/A,Concedido em 15/07/2009
255,ECO050 - CONCESSIONÁRIA DE RODOVIAS S.A.,Concedido em 02/03/2016
256,ECO101 CONCESSIONÁRIA DE RODOVIAS S.A.,Concedido em 10/04/2015
257,ECORODOVIAS CONCESSÕES E SERVIÇOS S/A,Concedido em 22/12/2009
258,ECORODOVIAS INFRAESTRUTURA E LOGÍSTICA S.A.,Concedido em 24/09/2003
259,EDP ENERGIAS DO BRASIL S/A,Concedido em 05/07/2005
260,EDP ESPIRITO SANTO DISTRIBUIÇÃO DE ENERGIA S.A.,Concedido em 19/01/1996
261,EDP SÃO PAULO DISTRIBUIÇÃO DE ENERGIA S.A.,Concedido em 27/03/1998
262,ELDORADO BRASIL CELULOSE S.A.,Concedido em 06/06/2012
263,ELECTRO AÇO ALTONA S/A,Concedido em 19/01/1950
264,ELEKTRO REDES S.A.,Concedido em 08/07/1998
265,ELETROBRÁS PARTICIPAÇÕES S.A. - ELETROPAR,Concedido em 30/09/1996
266,ELETROPAULO METROPOLITANA EL.S.PAULO S.A,Concedido em 19/08/1993
267,ELFA MEDICAMENTOS S.A.,Concedido em 02/12/2020
268,EMAE-EMP.METROPOLITANA ÁGUAS ENERGIA S.A,Concedido em 27/03/1998
269,EMBRAER S.A.,Concedido em 23/05/2006
270,"EMP.NAC. DE COMÉRCIO, RÉDITO E PART. S.A. - ENCORPAR",Concedido em 07/10/1997
271,EMPREENDIMENTOS PAGUE MENOS SA,Concedido em 21/10/2011
272,ENAUTA PARTICIPAÇÕES S.A.,Concedido em 02/02/2011
273,ENCALSO PARTICIPAÇÕES EM CONCESSÕES S.A.,Concedido em 08/09/2015
274,ENERGISA MATO GROSSO - DISTRIBUIDORA DE ENERGIA S.A.,Concedido em 25/10/1994
275,ENERGISA MATO GROSSO DO SUL - DISTRIBUIDORA DE ENERGIA S/A,Concedido em 28/08/1981
276,ENERGISA MINAS GERAIS - DISTRIBUIDORA DE ENERGIA S/A,Concedido em 17/12/1969
277,ENERGISA PARAÍBA - DISTRIBUIDORA DE ENERGIA S/A,Concedido em 29/01/2010
278,ENERGISA SA,Concedido em 20/12/1995
279,ENERGISA SERGIPE - DISTRIBUIDORA DE ENERGIA S/A,Concedido em 17/07/2001
280,ENERGISA SUL-SUDESTE - DISTRIBUIDORA DE ENERGIA S.A.,Concedido em 05/11/2019
281,ENERGISA TRANSMISSÃO DE ENERGIA S.A.,Concedido em 29/10/2018
282,ENEVA S.A.,Concedido em 07/12/2007
283,ENGIE BRASIL ENERGIA S.A.,Concedido em 28/05/1998
284,ENJOEI.COM.BR ATIVIDADES DE INTERNET S.A.,Concedido em 05/11/2020
285,ENTREVIAS CONCESSIONÁRIA DE RODOVIAS S.A.,Concedido em 01/03/2018
286,EQUATORIAL ENERGIA S/A,Concedido em 30/03/2006
287,EQUATORIAL MARANHÃO DISTRIBUIDORA DE ENERGIA S.A.,Concedido em 13/11/1997
288,EQUATORIAL PARÁ DISTRIBUIDORA DE ENERGIA S.A.,Concedido em 14/06/1999
289,EQUATORIAL TRANSMISSORA 7 SPE S.A.,Concedido em 14/06/2018
290,EQUATORIAL TRANSMISSORA 8 SPE S.A.,Concedido em 28/06/2018
291,ETERNIT S.A.- EM RECUPERAÇÃO JUDICIAL,Concedido em 17/11/1970
292,EUCATEX SA IND E COMERCIO,Concedido em 20/08/1969
293,EVEN CONSTRUTORA E INCORPORADORA S/A,Concedido em 02/03/2007
294,EXCELSIOR ALIMENTOS SA.,Concedido em 20/07/1977
295,EZ INC INCORPORAÇÕES COMERCIAIS S.A.,Concedido em 14/12/2020
296,EZ TEC EMPREEND. E PARTICIPAÇÕES S/A,Concedido em 15/06/2007
297,FABRICA DE PAPEL DA AMAZÔNIA S/A,Concedido em 02/03/1990
298,FARMÁCIA E DROGARIA NISSEI S.A.,Concedido em 14/01/2021
299,FARTURA AGROPECUÁRIA S/A,Concedido em 07/08/1991
300,FELCAR SECURITIZADORA S.A.,Concedido em 19/01/2018
301,FENICIAPAR S/A,Concedido em 15/09/1995
302,FERREIRA GOMES ENERGIA S.A.,Concedido em 11/10/2012
303,FERROVIA CENTRO ATLANTICA SA,Concedido em 12/02/1996
304,FERROVIA NORTE SUL S/A,Concedido em 24/11/2009
305,FERTILIZANTES HERINGER S.A. - EM RECUPERAÇÃO JUDICIAL,Concedido em 10/04/2007
306,FIAÇÃO DE ALGODÃO MOCÓ S/A,Concedido em 29/01/1990
307,FIACAO E TECELAGEM SAO JOSE S/A - EM RECUPERAÇÃO JUDICIAL,Concedido em 18/10/1971
308,FIBAM CIA INDUSTRIAL - EM RECUPERAÇÃO JUDICIAL,Concedido em 03/08/1972
309,FIBRASA S.A.,Concedido em 11/11/2015
310,FILADÉLFIA SECURITIZADORA S/A.,Concedido em 03/06/2019
311,FINANCEIRA ALFA S.A.- C.F.I,Concedido em 20/07/1977
312,"FINANSINOS S/A-CRÉDITO, FINAN. E INVEST.",Concedido em 20/07/1977
313,FLEURY SA,Concedido em 14/12/2009
314,FLEX GESTÃO DE RELACIONAMENTO S.A.,Concedido em 01/03/2018
315,FONTAINE VILLE PARTICIPAÇÕES S/A,Concedido em 16/01/2013
316,FORPART S.A. - EM LIQUIDAÇÃO,Concedido em 21/02/1995
317,FORTE SECURITIZADORA S.A.,Concedido em 15/06/2011
318,FORTUNATO SECURITIZADORA S.A.,Concedido em 06/03/2015
319,FRAS-LE SA,Concedido em 20/07/1977
320,FRIGORÍFICO REDENTOR S.A.,Concedido em 24/07/2018
321,FRIGORÍFICO RIO DOCE S/A,Concedido em 18/05/1990
322,FTL - FERROVIA TRANSNORDESTINA LOGÍSTICA S.A.,Concedido em 25/04/2014
323,FUTURETEL S.A. - EM LIQUIDAÇÃO,Concedido em 16/06/1998
324,GAFISA SA,Concedido em 21/02/1997
325,GAIA AGRO SECURITIZADORA S.A.,Concedido em 28/03/2012
326,GAIA CRED SECURITIZADORA DE CRÉDITOS FINANCEIROS S.A.,Concedido em 07/10/2016
327,GAIA SECURITIZADORA S/A,Concedido em 28/07/2006
328,GAMA PARTICIPAÇÕES S.A.,Concedido em 01/12/1998
329,GENERAL SHOPPING E OUTLETS DO BRASIL S.A.,Concedido em 26/07/2007
330,GERDAU S.A.,Concedido em 03/09/1980
331,GOL LINHAS AEREAS INTELIGENTES SA,Concedido em 09/06/2004
332,"GP INVESTMENTS, LTD",Concedido em 30/05/2006
333,GPC PARTICIPACOES SA,Concedido em 20/11/1997
334,GRAMAZON GRANITOS DA AMAZÔNIA S/A,Concedido em 30/01/1996
335,GRANBIO INVESTIMENTOS S.A.,Concedido em 13/11/2020
336,GRAZZIOTIN SA,Concedido em 31/01/1979
337,GRENDENE SA,Concedido em 26/10/2004
338,GRUPO DE MODA SOMA S.A.,Concedido em 29/07/2020
339,GRUPO MATEUS S.A.,Concedido em 08/10/2020
340,GRUPO SBF S.A.,Concedido em 15/04/2019
341,GUARARAPES CONFECÇÕES SA,Concedido em 16/10/1958
342,GUARDIAN COMPANHIA SECURITIZADORA,Concedido em 10/10/2018
343,HABITASEC SECURITIZADORA SA,Concedido em 19/08/2008
344,HAGA S.A. INDÚSTRIA E COMÉRCIO,Concedido em 01/09/1988
345,HAPVIDA PARTICIPAÇÕES E INVESTIMENTOS S.A.,Concedido em 20/04/2018
346,HAUSCENTER SA,Concedido em 02/05/1995
347,HBR REALTY EMPREENDIMENTOS IMOBILIÁRIOS S.A.,Concedido em 18/12/2020
348,HELBOR EMPREENDIMENTOS S/A,Concedido em 09/07/2007
349,HERCULES S/A - FABRICA DE TALHERES,Concedido em 01/11/1968
350,HIDROVIAS DO BRASIL S.A.,Concedido em 14/12/2011
351,HLASA PARTICIPAÇÕES S.A.,Concedido em 10/12/2020
352,HOTEIS OTHON SA,Concedido em 08/08/1980
353,HOTEL COSTA AZUL S/A,Concedido em 30/10/1990
354,HOUSI S.A.,Concedido em 10/11/2020
355,HYPERA S/A,Concedido em 16/04/2008
356,IGB ELETRÔNICA S.A. - EM RECUPERAÇÃO JUDICIAL,Concedido em 19/12/1973
357,IGUA SANEAMENTO S.A.,Concedido em 13/05/2013
358,IGUATEMI EMPRESA DE SHOPPING CENTERS S/A,Concedido em 02/02/2007
359,INBRANDS SA,Concedido em 08/08/2011
360,INDS DUREINO SA,Concedido em 09/05/2016
361,INDS J B DUARTE SA,Concedido em 14/03/1985
362,INDÚSTRIAS ROMI S.A.,Concedido em 19/04/1938
363,INEPAR EQUIPAMENTOS E MONTAGENS S.A. - EM RECUPERAÇÃO JUDICIAL,Concedido em 23/10/1998
364,INEPAR SA IND E CONSTRUÇÕES - EM RECUPERAÇÃO JUDICIAL,Concedido em 22/01/1980
365,INFRASEC SECURITIZADORA S/A,Concedido em 22/09/2009
366,INONIBRAS INOCULANTES E FERRO LIGAS NIPO-BRASILEIROS S/A,Concedido em 04/06/1997
367,INSTITUTO HERMES PARDINI S/A,Concedido em 10/02/2017
368,INTER CONSTRUTORA E INCORPORADORA S.A,Concedido em 09/11/2017
369,INTERNATIONAL MEAL COMPANY ALIMENTAÇÃO S.A.,Concedido em 19/03/2015
370,INVEST.E PART.EM INFRA-ESTR.S/A-INVEPAR,Concedido em 29/09/2000
371,INVESTCO S/A,Concedido em 04/02/2000
372,INVESTIMENTOS BEMGE S.A.,Concedido em 20/07/1977
373,IOCHPE-MAXION SA,Concedido em 17/07/1984
374,IRANI PAPEL E EMBALAGEM S.A.,Concedido em 20/07/1977
375,IRB - BRASIL RESSEGUROS S.A.,Concedido em 27/07/2017
376,ISA IRRIGAÇÃO SANTO ANDRÉ S/A,Concedido em 09/08/1990
377,ISEC SECURITIZADORA S.A.,Concedido em 02/07/2007
378,ITAPEBI GERAÇÃO DE ENERGIA S/A,Concedido em 05/02/2003
379,ITAÚ UNIBANCO HOLDING S.A.,Concedido em 30/12/2002
380,ITAUSA S.A.,Concedido em 20/07/1977
381,J.MACEDO S/A,Concedido em 16/10/2007
382,JBS SA,Concedido em 27/03/2007
383,JEREISSATI PARTICIPAÇÕES S/A,Concedido em 12/03/1946
384,JHSF MALLS S.A.,Concedido em 25/06/2018
385,JHSF PARTICIPAÇÕES SA,Concedido em 04/04/2007
386,JOAO FORTES ENGENHARIA SA - EM RECUPERAÇÃO JUDICIAL,Concedido em 20/07/1977
387,JOSAPAR- JOAQUIM OLIVEIRA S/A PARTICIP,Concedido em 04/03/1988
388,JSL S.A.,Concedido em 15/04/2010
389,KARSTEN SA,Concedido em 29/12/1971
390,KEPLER WEBER SA,Concedido em 15/12/1980
391,K-INFRA RODOVIA DO AÇO S.A.,Concedido em 29/03/2011
392,KLABIN S.A.,Concedido em 06/08/1997
393,KORDSA  BRASIL S/A,Concedido em 15/01/1990
394,KOSMOS COMÉRCIO DE VESTUÁRIO S/A - EM RECUPERAÇÃO JUDICIAL,Concedido em 09/10/1995
395,LAEP INVESTMENTS LTD,Concedido em 29/10/2007
396,LAVVI EMPREENDIMENTOS IMOBILIÁRIOS S.A,Concedido em 31/08/2020
397,LEADS CIA. SECURITIZADORA,Concedido em 03/02/2015
398,LIFEMED INDUSTRIAL DE EQUIP. E ART. MEDICOS E HOSP. S.A.,Concedido em 08/11/2019
399,LIGHT ENERGIA S.A.,Concedido em 11/01/2013
400,LIGHT SA,Concedido em 12/12/2005
401,LIGHT SERVIÇOS DE ELETRICIDADE SA,Concedido em 25/11/1968
402,LINHA AMARELA S.A.- LAMSA,Concedido em 08/04/2020
403,LINHAS DE MACAPÁ TRANSMISSORA DE ENERGIA S.A.,Concedido em 12/08/2015
404,LINHAS DE XINGU TRANSMISSORA DE ENERGIA S.A.,Concedido em 12/08/2015
405,LINX S.A.,Concedido em 06/02/2013
406,LITEL PARTICIPACOES SA,Concedido em 18/10/1995
407,LITELA PARTICIPAÇÕES S.A.,Concedido em 05/09/2019
408,LM TRANSPORTES INTERESTADUAIS SERVIÇOS E COMÉRCIO S.A.,Concedido em 29/11/2019
409,LOCALIZA  FLEET S.A.,Concedido em 10/10/2019
410,LOCALIZA RENT A CAR SA,Concedido em 06/05/2005
411,LOCAWEB SERVIÇOS DE INTERNET S.A.,Concedido em 04/02/2020
412,LOG COMMERCIAL PROPERTIES E PARTICIPAÇÕES S.A.,Concedido em 12/11/2013
413,LOG-IN LOGISTICA INTERMODAL SA,Concedido em 04/06/2007
414,LOGOS COMPANHIA SECURITIZADORA S/A,Concedido em 04/09/2014
415,LOJAS AMERICANAS SA,Concedido em 20/07/1977
416,LOJAS QUERO-QUERO S.A.,Concedido em 06/08/2020
417,LOJAS RENNER SA,Concedido em 20/07/1977
418,LONGDIS SA,Concedido em 30/06/1998
419,LPS BRASIL CONSULTORIA DE IMOVEIS S/A,Concedido em 12/12/2006
420,LUPATECH S/A - EM RECUPERAÇÃO JUDICIAL,Concedido em 08/05/2006
421,M DIAS BRANCO SA IND E COM DE ALIMENTOS,Concedido em 11/10/2006
422,MAESTRO LOCADORA DE VEÍCULOS S.A.,Concedido em 26/05/2015
423,MAGAZINE LUIZA SA,Concedido em 28/04/2011
424,MAHLE METAL LEVE S.A.,Concedido em 20/07/1977
425,MALHARIA MONTE ALEGRE S/A,Concedido em 25/09/1995
426,MANAUS HOTEIS E TURISMO S/A,Concedido em 21/11/1989
427,MANGELS INDUSTRIAL S.A.,Concedido em 28/12/1971
428,MANUFATURA DE  BRINQUEDOS ESTRELA SA,Concedido em 28/06/1968
429,MARCOPOLO SA,Concedido em 20/07/1977
430,MARFRIG GLOBAL FOODS SA,Concedido em 18/06/2007
431,MARINA DE IRACEMA PARK SA,Concedido em 14/05/1997
432,MARISA LOJAS SA,Concedido em 14/06/2010
433,MASSA FALIDA DA BRASIL PHARMA SA,Concedido em 22/06/2011
434,MASSA FALIDA DA SA IND E COMERCIO CHAPECO,Concedido em 30/11/1979
435,MASSA FALIDA DA TRANSPARANA SA,Concedido em 20/07/1977
436,MASSA FALIDA DE SAM INDUSTRIAS SA,Concedido em 18/08/1986
437,MASSA FALIDA DO BANCO CRUZEIRO DO SUL S/A,Concedido em 13/06/2007
438,MBK SECURITIZADORA S/A,Concedido em 23/07/2012
439,MELIUZ S.A.,Concedido em 03/11/2020
440,MELNICK DESENVOLVIMENTO IMOBILIÁRIO S.A.,Concedido em 24/09/2020
441,MENDES JUNIOR ENGENHARIA SA,Concedido em 20/07/1977
442,MERCANTIL DO BR FINC SA CFI,Concedido em 20/07/1977
443,METALFRIO SOLUTIONS S/A,Concedido em 10/04/2007
444,METALGRAFICA IGUACU SA,Concedido em 02/09/1968
445,METALURGICA GERDAU SA,Concedido em 17/05/1968
446,METALURGICA RIOSULENSE SA,Concedido em 29/11/1988
447,METANOR SA METANOL DO NE,Concedido em 26/12/1974
448,METISA METALÚRGICA  TIMBOENSE SA,Concedido em 18/05/1971
449,MGI - MINAS GERAIS PARTICIPAÇÕES S.A.,Concedido em 04/09/2012
450,MILLS ESTRUTURAS E SERVIÇOS DE ENGENHARIA S/A,Concedido em 14/04/2010
451,MINASMAQUINAS SA,Concedido em 20/07/1977
452,MINERVA S/A,Concedido em 18/07/2007
453,MINUPAR PARTICIPACOES SA,Concedido em 21/12/1990
454,MISSISSIPI SECURITIZADORA S/A,Concedido em 01/10/2020
455,MITRE REALTY EMPREENDIMENTOS E PARTICIPAÇÕES S.A.,Concedido em 03/02/2020
456,MLOG S.A.,Concedido em 12/09/2011
457,MMX MINERAÇÃO E METÁLICOS S.A. - EM RECUPERAÇÃO JUDICIAL,Concedido em 10/11/1998
458,MONTEIRO ARANHA SA,Concedido em 07/05/1980
459,MOURA DUBEUX ENGENHARIA S/A,Concedido em 23/08/2007
460,MOVIDA PARTICIPAÇÕES S.A.,Concedido em 29/01/2016
461,MRS LOGÍSTICA S/A,Concedido em 13/11/1998
462,MRV ENGENHARIA E PARTICIPAÇÕES S/A,Concedido em 13/07/2007
463,MULTINER S/A,Concedido em 10/07/2008
464,MULTIPLAN EMP. IMOBILIARIOS S/A,Concedido em 25/07/2007
465,MUNDIAL S.A - PRODUTOS DE CONSUMO,Concedido em 12/12/1979
466,NASA SECURITIZADORA S.A.,Concedido em 21/03/2016
467,NATURA & CO HOLDING S.A.,Concedido em 25/09/2019
468,NATURA COSMETICOS SA,Concedido em 21/05/2004
469,NCF PARTICIPAÇÕES S.A.,Concedido em 03/10/2016
470,NEOENERGIA S.A,Concedido em 08/05/1996
471,NEOGRID PARTICIPACÕES S.A.,Concedido em 15/12/2020
472,NEUMARKT TRADE AND FINANCIAL CENTER S/A,Concedido em 27/10/1994
473,NEWTEL PARTICIPAÇÕES S.A. - EM LIQUIDAÇÃO,Concedido em 20/07/1998
474,NORDON INDS METALURGICAS SA,Concedido em 23/08/1956
475,NORTE BRASIL TRANSMISSORA DE ENERGIA S.A.,Concedido em 03/07/2020
476,NORTE ENERGIA S.A,Concedido em 14/09/2020
477,NORTE HOTELARIA S/A,Concedido em 09/03/2020
478,NORTE SALINEIRA S/A INDÚSTRIA E COMERCIO,Concedido em 24/10/1989
479,NORTEC QUIMICA S.A.,Concedido em 23/11/2012
480,NOTRE DAME INTERMÉDICA PARTICIPAÇÕES S.A.,Concedido em 19/04/2018
481,NOVA TRANSPORTADORA DO SUDESTE S.A. - NTS,Concedido em 18/04/2019
482,NUTRIPLANT INDUSTRIA E COMÉRCIO S/A,Concedido em 11/02/2008
483,OCEANA OFFSHORE S.A.,Concedido em 11/06/2015
484,OCTANTE SECURITIZADORA SA,Concedido em 14/02/2011
485,ODONTOPREV S/A,Concedido em 13/06/2006
486,OI S.A. - EM RECUPERAÇÃO JUDICIAL,Concedido em 27/03/1980
487,OMEGA GERAÇÃO S.A.,Concedido em 07/07/2014
488,OPPORTUNITY ENERGIA E PARTICIPAÇÕES S.A.,Concedido em 06/03/1998
489,OSX BRASIL S.A.,Concedido em 26/02/2008
490,OURINVEST SECURITIZADORA S.A.,Concedido em 10/11/2010
491,OURO FINO SAÚDE ANIMAL PARTICIPAÇÕES S.A.,Concedido em 17/10/2014
492,OURO VERDE LOCAÇÃO E SERVIÇO S.A.,Concedido em 14/11/2013
493,OYAMOTA DO BRASIL S/A,Concedido em 28/08/2019
494,PACAEMBU CONSTRUTORA S.A.,Concedido em 01/10/2020
495,PADTEC HOLDING S.A.,Concedido em 02/08/1999
496,PAGRISA - PARÁ PASTORIL E AGRÍCOLA S/A,Concedido em 18/04/1990
497,PAN ARRENDAMENTO MERCANTIL S.A.,Concedido em 25/01/2000
498,PANATLANTICA SA,Concedido em 29/12/1971
499,PARANA BANCO S.A.,Concedido em 11/06/2007
500,PARANAPANEMA SA,Concedido em 20/07/1977
501,PARCOM PARTICIPACOES SA,Concedido em 22/12/1994
502,PARTICIPAÇÕES INDUST. DO NORDESTE S.A.,Concedido em 12/12/1983
503,PÁTRIA COMPANHIA SECURITIZADORA DE CRÉDITOS IMOBILIÁRIOS,Concedido em 04/05/1999
504,PATRIMAR ENGENHARIA S.A.,Concedido em 10/11/2020
505,PAULISTA PRAIA HOTEL S/A,Concedido em 01/10/2007
506,PBG S/A,Concedido em 04/01/1991
507,PDG COMPANHIA SECURITIZADORA - EM RECUPERAÇÃO JUDICIAL,Concedido em 03/10/2008
508,PDG REALTY SA EMPREENDIMENTOS E PARTS - EM RECUPERAÇÃO JUDICIAL,Concedido em 23/01/2007
509,PET CENTER COMÉRCIO E PARTICIPAÇÕES S.A.,Concedido em 09/09/2020
510,PETRO RIO S.A.,Concedido em 21/10/2010
511,PETROBRAS DISTRIBUIDORA SA,Concedido em 12/12/2017
512,PETRÓLEO BRASILEIRO  S.A.  - PETROBRAS,Concedido em 20/07/1977
513,PETROLEO LUB DO NORDESTE SA,Concedido em 24/10/1975
514,PETTENATI SA IND TEXTIL,Concedido em 04/02/1981
515,PJBANK SECURITIZADORA S.A.,Concedido em 04/10/2019
516,PLANO & PLANO DESENVOLVIMENTO IMOBILIÁRIO S.A.,Concedido em 04/09/2020
517,PLASCAR PARTICIPAÇÕES INDUSTRIAIS S.A,Concedido em 19/04/1989
518,POLO CAPITAL SECURITIZADORA S/A,Concedido em 22/09/2010
519,POLPAR S.A.,Concedido em 03/03/1989
520,POMIFRUTAS S/A - EM RECUPERAÇÃO JUDICIAL,Concedido em 28/12/2004
521,PORTO SEGURO SA,Concedido em 28/11/1997
522,PORTO SUDESTE V.M. S.A.,Concedido em 11/11/2014
523,PORTUENSE FERRAGENS S/A,Concedido em 20/07/1977
524,POSITIVO TECNOLOGIA S.A.,Concedido em 06/12/2006
525,PPLA PARTICIPATIONS LTD.,Concedido em 24/04/2012
526,PRÁTICA KLIMAQUIP INDÚSTRIA E COMÉRCIO S.A.,Concedido em 27/09/2018
527,PRINER SERVIÇOS INDUSTRIAIS S.A.,Concedido em 02/10/2017
528,PRÓ METALURGIA SA - EM LIQUIDAÇÃO EXTRAJUDICIAL,Concedido em 11/02/1982
529,PRODUTORES ENERGETICOS DE MANSO SA,Concedido em 07/02/2002
530,PROFARMA DISTRIB. PRODUTOS FARMACEUTICOS,Concedido em 24/10/2006
531,PROLAGOS S.A. - CONCESSIONÁRIA DE SERVIÇOS PÚBLICOS DE ÁGUA E ESGOTO,Concedido em 11/08/2014
532,PROMPT PARTICIPAÇÕES S.A.,Concedido em 18/06/1999
533,QUALICORP SA,Concedido em 17/06/2011
534,QUALITY SOFTWARE S.A.,Concedido em 03/12/2013
535,RAIA DROGASIL S.A.,Concedido em 20/07/1977
536,RAÍZEN ENERGIA S.A.,Concedido em 21/10/2013
537,RANDON S.A. IMPLEMENTOS E PARTICIPAÇÕES,Concedido em 05/02/1993
538,RB CAPITAL COMPANHIA DE SECURITIZAÇÃO,Concedido em 02/08/1999
539,REAG SECURITIES - SECURITIZADORA DE CRÉDITOS S/A,Concedido em 11/11/2015
540,REAL AI PIC SECURITIZADORA DE CREDITOS IMOBILIARIOS S.A.,Concedido em 14/09/1999
541,REALCAFE SOLUVEL DO BRASIL S/A,Concedido em 13/10/2004
542,RECRUSUL SA,Concedido em 20/12/1985
543,REDE D'OR SÃO LUIZ S.A.,Concedido em 21/10/2019
544,REDE ENERGIA PARTICIPAÇÕES S.A.,Concedido em 16/10/1969
545,REFINARIA PET MANGUINHOS SA,Concedido em 14/05/1970
546,REIT SECURITIZADORA DE RECEBIVEIS IMOBILIÁRIOS S/A,Concedido em 10/05/2012
547,RENOVA COMP. SECURITIZ. DE CRÉDITOS FINANC. S.A.,Concedido em 22/10/2015
548,RENOVA ENERGIA S.A. -  EM RECUPERAÇÃO JUDICIAL,Concedido em 20/08/2008
549,RESTOQUE COMÉRCIO E CONFECÇÕES DE ROUPAS SA,Concedido em 18/04/2008
550,RGE SUL DISTRIBUIDORA DE ENERGIA S.A.,Concedido em 13/10/1997
551,RIO CORTADO AGROPECUÁRIA S/A,Concedido em 25/07/2008
552,RIO PARANAPANEMA ENERGIA SA,Concedido em 14/07/1999
553,RIOLOAN 2 COMPANHIA SECURITIZADORA DE CRÉDITOS FINANCEIROS,Concedido em 06/04/2018
554,RIVA 9 EMPREENDIMENTOS IMOBILIARIOS S/A,Concedido em 28/07/2020
555,RNI NEGÓCIOS IMOBILIÁRIOS S.A.,Concedido em 18/01/2007
556,RODONORTE - CONC. ROD. INTEGRADAS S.A.,Concedido em 12/11/2001
557,RODOVIAS DAS COLINAS S.A.,Concedido em 25/04/2013
558,ROMAXIS SECURITIZADORA S.A.,Concedido em 22/03/2019
559,ROSSI RESIDENCIAL SA,Concedido em 01/07/1997
560,RUGE SECURITIZADORA DE CRÉDITOS FINANCEIROS S.A.,Concedido em 17/09/2018
561,RUMO MALHA NORTE S.A.,Concedido em 27/12/1995
562,RUMO MALHA OESTE S.A.,Concedido em 20/10/1998
563,RUMO MALHA PAULISTA S.A.,Concedido em 12/11/1998
564,RUMO MALHA SUL S.A.,Concedido em 29/08/1996
565,RUMO S.A.,Concedido em 02/07/1998
566,SABER SERVIÇOS EDUCACIONAIS S.A.,Concedido em 13/08/2018
567,SALUS INFRAESTRUTURA PORTUÁRIA S.A.,Concedido em 05/01/2015
568,SANEAMENTO DE GOIAS SA,Concedido em 11/12/2001
569,SANESALTO SANEAMENTO SA,Concedido em 21/09/2004
570,SANSUY SA INDÚSTRIA  DE PLASTICOS,Concedido em 06/05/1986
571,SANTA CATARINA PART INVEST SA,Concedido em 13/12/1995
572,SANTHER FAB.DE PAPEL SANTA THEREZINHA SA,Concedido em 29/06/1995
573,SANTO ANTONIO ENERGIA S.A.,Concedido em 28/04/2014
574,SANTOS BRASIL PARTICIPAÇÕES S.A.,Concedido em 09/11/1998
575,SÃO CARLOS EMPREENDS E PARTICIPAÇÕES S.A,Concedido em 25/03/1991
576,SAO FRANCISCO TEXTIL S/A,Concedido em 29/11/2005
577,SÃO MARTINHO SA,Concedido em 07/02/2007
578,SÃO PAULO TURISMO S. A.,Concedido em 20/10/1977
579,SARAIVA LIVREIROS S.A. - EM RECUPERAÇÃO JUDICIAL,Concedido em 20/07/1977
580,SBF COMÉRCIO DE PRODUTOS ESPORTIVOS S.A.,Concedido em 06/01/2021
581,SCHULZ SA,Concedido em 19/12/1994
582,SEIVA S.A. - FLORESTAS E INDÚSTRIAS,Concedido em 11/12/1981
583,SENDAS DISTRIBUIDORA S.A.,Concedido em 11/12/2020
584,SENECA COMPANHIA SECURITIZADORA,Concedido em 17/08/2015
585,SEQUOIA LOGÍSTICA E TRANSPORTES S.A.,Concedido em 05/10/2020
586,SER EDUCACIONAL S.A.,Concedido em 18/10/2013
587,SERRA AZUL WATER PARK SA,Concedido em 26/07/1995
588,SIDERURGICA J L ALIPERTI SA,Concedido em 06/06/1986
589,SIMPAR S.A.,Concedido em 29/07/2020
590,SINQIA S.A.,Concedido em 26/04/2012
591,SLC AGRICOLA SA,Concedido em 12/06/2007
592,SMARTFIT ESCOLA DE GINÁSTICA E DANÇA S.A.,Concedido em 20/10/2017
593,SMILES FIDELIDADE S.A.,Concedido em 10/10/2017
594,SNB PARTICIPACOES SA,Concedido em 09/03/1994
595,SOC.DE ABASTEC.DE ÁGUA E SANEAMENTO S.A.,Concedido em 29/04/1997
596,SONDOTECNICA ENGENHARIA DE SOLOS S/A.,Concedido em 19/08/1980
597,SPERAFICO DA AMAZONIA S/A,Concedido em 11/10/1989
598,SPRINGER SA,Concedido em 24/10/1968
599,SPRINGS GLOBAL PARTICIPAÇÕES S/A,Concedido em 25/07/2007
600,STARA S.A. - INDÚSTRIA DE IMPLEMENTOS AGRÍCOLAS,Concedido em 18/09/2017
601,STATKRAFT ENERGIAS RENOVÁVEIS S.A.,Concedido em 19/09/2011
602,SUCONOR S/A,Concedido em 08/05/1990
603,SUDESTE SA,Concedido em 10/11/1997
604,SUGOI S.A.,Concedido em 19/07/2016
605,SUL 116 PARTICIPAÇÕES S.A.,Concedido em 03/09/1997
606,SUL AMERICA S/A,Concedido em 03/10/2007
607,SUZANO HOLDING S.A.,Concedido em 11/03/1982
608,SUZANO S.A.,Concedido em 15/04/1992
609,T4F ENTRETENIMENTO SA,Concedido em 11/04/2011
610,TAURUS ARMAS S.A.,Concedido em 02/03/1982
611,TBM-TÊXTIL BEZERRA DE MENEZES SA,Concedido em 17/12/2013
612,TCP - TERMINAL DE CONTÊINERES DE PARANAGUÁ S.A.,Concedido em 27/10/2016
613,TECBLU - TECELAGEM BLUMENAU S/A.,Concedido em 28/04/1971
614,TECELAGEM TEXITA S/A,Concedido em 03/01/1990
615,TECHNOS SA,Concedido em 28/06/2011
616,TECNISA S/A,Concedido em 09/01/2007
617,TECNOSOLO S/A - EM RECUPERAÇÃO JUDICIAL,Concedido em 20/07/1977
618,TEGMA GESTÃO LOGÍSTICA SA,Concedido em 28/06/2007
619,TEKA TECELAGEM KUEHNRICH SA - EM RECUPERAÇÃO JUDICIAL,Concedido em 04/12/1969
620,TEKNO S.A. INDÚSTRIA E COMÉRCIO,Concedido em 20/07/1977
621,TELEC. BRASILEIRAS S.A. - TELEBRÁS,Concedido em 21/01/1981
622,TELEFÔNICA BRASIL S.A.,Concedido em 19/08/1998
623,TERMELÉTRICA PERNAMBUCO III S.A.,Concedido em 10/12/2013
624,TERMINAIS PORT. DA PONTA DO FÉLIX S/A,Concedido em 27/02/1996
625,TERMINAL GARAGEM MENEZES CORTES SA,Concedido em 17/01/2000
626,TERMOPERNAMBUCO SA,Concedido em 31/10/2005
627,TERRA SANTA AGRO S.A.,Concedido em 09/11/2006
628,TEXITA COMPANHIA TEXTIL TANGARA,Concedido em 03/01/1990
629,TÊXTIL RENAUXVIEW S/A,Concedido em 11/08/1969
630,TIM S.A.,Concedido em 17/03/2020
631,TOTVS S.A,Concedido em 07/03/2006
632,TPI - TRIUNFO PARTICIPACOES E INVESTIMENTOS S.A.,Concedido em 05/12/2002
633,TRACK & FIELD CO S.A,Concedido em 22/10/2020
634,TRANSBRASILIANA CONCESSIONÁRIA DE RODOVIA SA,Concedido em 05/11/2010
635,TRANSMISSORA ALIANÇA DE ENERGIA ELÉTRICA S.A.,Concedido em 06/09/2006
636,TRANSNORDESTINA LOGISTICA SA,Concedido em 11/01/2007
637,TRAVESSIA SECURITIZADORA DE CRÉDITOS FINANCEIROS XIV S.A,Concedido em 04/11/2020
638,TRAVESSIA SECURITIZADORA S.A.,Concedido em 09/02/2017
639,TREVISA  INVESTIMENTOS SA,Concedido em 15/12/1980
640,TRIÂNGULO DO SOL AUTO-ESTRADAS S.A.,Concedido em 25/02/2013
641,TRIPLE PLAY BRASIL PARTICIPAÇÕES S.A.,Concedido em 14/10/2020
642,TRISUL S/A,Concedido em 10/10/2007
643,TRONOX PIGMENTOS DO BRASIL S.A.,Concedido em 23/12/1970
644,TRUE SECURITIZADORA S.A.,Concedido em 25/11/2010
645,TRX SECURITIZADORA S.A.,Concedido em 02/03/2011
646,TUPY SA,Concedido em 01/07/1966
647,ULTRAPAR PARTICIPAÇÕES SA,Concedido em 27/09/1999
648,UNICASA INDÚSTRIA DE MÓVEIS S.A.,Concedido em 25/04/2012
649,UNIDAS S/A,Concedido em 29/07/2008
650,UNIPAR CARBOCLORO S.A.,Concedido em 08/12/1971
651,UP ENGENHARIA E URBANISMO S.A.,Concedido em 04/11/2019
652,UPTICK PARTICIPACOES SA,Concedido em 19/11/1997
653,USINA TERMELÉTRICA PAMPA SUL S.A.,Concedido em 04/05/2020
654,USINAS SIDERURGICAS DE MINAS GERAIS SA,Concedido em 11/04/1994
655,VALE BONITO AGROPECUÁRIA S/A,Concedido em 29/09/2011
656,VALE S.A.,Concedido em 02/01/1970
657,VALID SOLUÇÕES S.A.,Concedido em 12/04/2006
658,"VAMOS LOCAÇÃO DE CAMINHÕES, MÁQUINAS E EQUIPAMENTOS S.A.",Concedido em 30/04/2019
659,VENTOS DO SUL ENERGIA S.A.,Concedido em 12/09/2019
660,VENTURE CAPITAL PARTICIPAÇÕES E INVESTIMENTOS S.A.,Concedido em 12/12/2017
661,VERT COMPANHIA SECURITIZADORA,Concedido em 25/08/2016
662,VIA VAREJO S.A.,Concedido em 24/11/1981
663,VIABAHIA CONCESSIONÁRIA DE RODOVIAS SA,Concedido em 24/08/2012
664,VIARONDON CONCESSIONÁRIA DE RODOVIA SA,Concedido em 21/07/2011
665,VIDEOLAR - INNOVA S.A.,Concedido em 07/08/2001
666,VISION SECURITIZADORA,Concedido em 29/08/2007
667,VIVARA PARTICIPAÇÕES S.A.,Concedido em 08/10/2019
668,VIVER INCORP. E CONSTRUTORA S.A.- EM RECUPERAÇÃO JUDICIAL,Concedido em 23/05/2007
669,VIX LOGÍSTICA S/A,Concedido em 27/11/2007
670,VULCABRAS|AZALEIA S.A.,Concedido em 20/07/1977
671,WEG SA,Concedido em 09/02/1982
672,WETZEL S.A. EM RECUPERAÇÃO JUDICIAL,Concedido em 09/10/1984
673,WHIRLPOOL S.A,Concedido em 22/04/1994
674,WILSON SONS LIMITED,Concedido em 25/04/2007
675,WIZ SOLUÇÕES E CORRETAGEM DE SEGUROS S.A.,Concedido em 11/05/2015
676,WLM PART. E COMÉRCIO DE MÁQUINAS E VEÍCULOS S.A.,Concedido em 07/01/1971
677,WTC AMAZONAS SUITE HOTEL S.A.,Concedido em 18/09/1996
678,WTC RIO EMPREEND. E PARTICIPAÇÕES S.A.,Concedido em 30/10/1997
679,YDUQS PARTICIPACOES S.A.,Concedido em 26/07/2007
680,YOU INC INCORPORADORA E PARTICIPAÇÕES S.A.,Concedido em 26/05/2015
681,XILOLITE S/A,Concedido em 11/01/1991
682,XX DE NOVEMBRO INVESTIMENTOS E PARTICIPAÇÕES S.A,Concedido em 22/03/2006
683,2W ENERGIA S.A.,Concedido em 29/10/2020
684,3R PETROLEUM OLÉO E GÁS S.A.,Concedido em 09/11/2020
685,521 PARTICIPAÇOES S.A. - EM LIQUIDAÇÃO EXTRAJUDICIAL,Concedido em 11/07/1997
686,524 PARTICIPAÇOES SA,Concedido em 30/05/1997
